<?xml version="1.0"?>
<annotation>
    <filename>000000016.jpg</filename>
    <source>
        <annotation>ESRI ArcGIS Pro</annotation>
    </source>
    <size>
        <width>256</width>
        <height>256</height>
        <depth>3</depth>
    </size>
    <object>
        <name>17</name>
        <bndbox>
            <xmin>112.90</xmin>
            <ymin>115.60</ymin>
            <xmax>143.10</xmax>
            <ymax>140.40</ymax>
        </bndbox>
    </object>
</annotation>
