<?xml version="1.0"?>
<annotation>
    <filename>000000027.jpg</filename>
    <source>
        <annotation>ESRI ArcGIS Pro</annotation>
    </source>
    <size>
        <width>256</width>
        <height>256</height>
        <depth>3</depth>
    </size>
    <object>
        <name>28</name>
        <bndbox>
            <xmin>105.19</xmin>
            <ymin>109.02</ymin>
            <xmax>150.81</xmax>
            <ymax>146.98</ymax>
        </bndbox>
    </object>
</annotation>
