<?xml version="1.0"?>
<annotation>
    <filename>000000059.jpg</filename>
    <source>
        <annotation>ESRI ArcGIS Pro</annotation>
    </source>
    <size>
        <width>256</width>
        <height>256</height>
        <depth>3</depth>
    </size>
    <object>
        <name>60</name>
        <bndbox>
            <xmin>63.57</xmin>
            <ymin>40.28</ymin>
            <xmax>192.43</xmax>
            <ymax>215.72</ymax>
        </bndbox>
    </object>
</annotation>
