<?xml version="1.0"?>
<annotation>
    <filename>000000006.jpg</filename>
    <source>
        <annotation>ESRI ArcGIS Pro</annotation>
    </source>
    <size>
        <width>256</width>
        <height>256</height>
        <depth>3</depth>
    </size>
    <object>
        <name>7</name>
        <bndbox>
            <xmin>54.45</xmin>
            <ymin>69.70</ymin>
            <xmax>201.55</xmax>
            <ymax>186.30</ymax>
        </bndbox>
    </object>
</annotation>
