<?xml version="1.0"?>
<annotation>
    <filename>000000012.jpg</filename>
    <source>
        <annotation>ESRI ArcGIS Pro</annotation>
    </source>
    <size>
        <width>256</width>
        <height>256</height>
        <depth>3</depth>
    </size>
    <object>
        <name>13</name>
        <bndbox>
            <xmin>116.09</xmin>
            <ymin>116.28</ymin>
            <xmax>139.91</xmax>
            <ymax>139.72</ymax>
        </bndbox>
    </object>
</annotation>
