<?xml version="1.0"?>
<annotation>
    <filename>000000019.jpg</filename>
    <source>
        <annotation>ESRI ArcGIS Pro</annotation>
    </source>
    <size>
        <width>256</width>
        <height>256</height>
        <depth>3</depth>
    </size>
    <object>
        <name>20</name>
        <bndbox>
            <xmin>48.51</xmin>
            <ymin>64.77</ymin>
            <xmax>207.49</xmax>
            <ymax>191.23</ymax>
        </bndbox>
    </object>
</annotation>
