<?xml version="1.0"?>
<annotation>
    <filename>000000032.jpg</filename>
    <source>
        <annotation>ESRI ArcGIS Pro</annotation>
    </source>
    <size>
        <width>256</width>
        <height>256</height>
        <depth>3</depth>
    </size>
    <object>
        <name>33</name>
        <bndbox>
            <xmin>107.60</xmin>
            <ymin>104.85</ymin>
            <xmax>148.40</xmax>
            <ymax>151.15</ymax>
        </bndbox>
    </object>
</annotation>
