<?xml version="1.0"?>
<annotation>
    <filename>000000024.jpg</filename>
    <source>
        <annotation>ESRI ArcGIS Pro</annotation>
    </source>
    <size>
        <width>256</width>
        <height>256</height>
        <depth>3</depth>
    </size>
    <object>
        <name>25</name>
        <bndbox>
            <xmin>62.86</xmin>
            <ymin>59.23</ymin>
            <xmax>193.14</xmax>
            <ymax>196.77</ymax>
        </bndbox>
    </object>
</annotation>
