<?xml version="1.0"?>
<annotation>
    <filename>000000011.jpg</filename>
    <source>
        <annotation>ESRI ArcGIS Pro</annotation>
    </source>
    <size>
        <width>256</width>
        <height>256</height>
        <depth>3</depth>
    </size>
    <object>
        <name>12</name>
        <bndbox>
            <xmin>114.53</xmin>
            <ymin>116.46</ymin>
            <xmax>141.47</xmax>
            <ymax>139.54</ymax>
        </bndbox>
    </object>
</annotation>
