<?xml version="1.0"?>
<annotation>
    <filename>000000030.jpg</filename>
    <source>
        <annotation>ESRI ArcGIS Pro</annotation>
    </source>
    <size>
        <width>256</width>
        <height>256</height>
        <depth>3</depth>
    </size>
    <object>
        <name>31</name>
        <bndbox>
            <xmin>66.32</xmin>
            <ymin>49.65</ymin>
            <xmax>189.68</xmax>
            <ymax>206.35</ymax>
        </bndbox>
    </object>
</annotation>
