<?xml version="1.0"?>
<annotation>
    <filename>000000033.jpg</filename>
    <source>
        <annotation>ESRI ArcGIS Pro</annotation>
    </source>
    <size>
        <width>256</width>
        <height>256</height>
        <depth>3</depth>
    </size>
    <object>
        <name>34</name>
        <bndbox>
            <xmin>58.15</xmin>
            <ymin>32.84</ymin>
            <xmax>197.85</xmax>
            <ymax>223.16</ymax>
        </bndbox>
    </object>
</annotation>
