<?xml version="1.0"?>
<annotation>
    <filename>000000040.jpg</filename>
    <source>
        <annotation>ESRI ArcGIS Pro</annotation>
    </source>
    <size>
        <width>256</width>
        <height>256</height>
        <depth>3</depth>
    </size>
    <object>
        <name>41</name>
        <bndbox>
            <xmin>66.59</xmin>
            <ymin>76.11</ymin>
            <xmax>189.41</xmax>
            <ymax>179.89</ymax>
        </bndbox>
    </object>
</annotation>
