<?xml version="1.0"?>
<annotation>
    <filename>000000061.jpg</filename>
    <source>
        <annotation>ESRI ArcGIS Pro</annotation>
    </source>
    <size>
        <width>256</width>
        <height>256</height>
        <depth>3</depth>
    </size>
    <object>
        <name>62</name>
        <bndbox>
            <xmin>63.69</xmin>
            <ymin>42.53</ymin>
            <xmax>192.31</xmax>
            <ymax>213.47</ymax>
        </bndbox>
    </object>
</annotation>
