<?xml version="1.0"?>
<annotation>
    <filename>000000060.jpg</filename>
    <source>
        <annotation>ESRI ArcGIS Pro</annotation>
    </source>
    <size>
        <width>256</width>
        <height>256</height>
        <depth>3</depth>
    </size>
    <object>
        <name>61</name>
        <bndbox>
            <xmin>62.91</xmin>
            <ymin>50.58</ymin>
            <xmax>193.09</xmax>
            <ymax>205.42</ymax>
        </bndbox>
    </object>
</annotation>
