<?xml version="1.0"?>
<annotation>
    <filename>000000044.jpg</filename>
    <source>
        <annotation>ESRI ArcGIS Pro</annotation>
    </source>
    <size>
        <width>256</width>
        <height>256</height>
        <depth>3</depth>
    </size>
    <object>
        <name>45</name>
        <bndbox>
            <xmin>68.84</xmin>
            <ymin>76.85</ymin>
            <xmax>187.16</xmax>
            <ymax>179.15</ymax>
        </bndbox>
    </object>
</annotation>
