<?xml version="1.0"?>
<annotation>
    <filename>000000025.jpg</filename>
    <source>
        <annotation>ESRI ArcGIS Pro</annotation>
    </source>
    <size>
        <width>256</width>
        <height>256</height>
        <depth>3</depth>
    </size>
    <object>
        <name>26</name>
        <bndbox>
            <xmin>114.71</xmin>
            <ymin>113.90</ymin>
            <xmax>141.29</xmax>
            <ymax>142.10</ymax>
        </bndbox>
    </object>
</annotation>
