<?xml version="1.0"?>
<annotation>
    <filename>000000039.jpg</filename>
    <source>
        <annotation>ESRI ArcGIS Pro</annotation>
    </source>
    <size>
        <width>256</width>
        <height>256</height>
        <depth>3</depth>
    </size>
    <object>
        <name>40</name>
        <bndbox>
            <xmin>60.38</xmin>
            <ymin>46.86</ymin>
            <xmax>195.62</xmax>
            <ymax>209.14</ymax>
        </bndbox>
    </object>
</annotation>
