<?xml version="1.0"?>
<annotation>
    <filename>000000052.jpg</filename>
    <source>
        <annotation>ESRI ArcGIS Pro</annotation>
    </source>
    <size>
        <width>256</width>
        <height>256</height>
        <depth>3</depth>
    </size>
    <object>
        <name>53</name>
        <bndbox>
            <xmin>66.58</xmin>
            <ymin>75.00</ymin>
            <xmax>189.42</xmax>
            <ymax>181.00</ymax>
        </bndbox>
    </object>
</annotation>
