<?xml version="1.0"?>
<annotation>
    <filename>000000056.jpg</filename>
    <source>
        <annotation>ESRI ArcGIS Pro</annotation>
    </source>
    <size>
        <width>256</width>
        <height>256</height>
        <depth>3</depth>
    </size>
    <object>
        <name>57</name>
        <bndbox>
            <xmin>60.73</xmin>
            <ymin>60.60</ymin>
            <xmax>195.27</xmax>
            <ymax>195.40</ymax>
        </bndbox>
    </object>
</annotation>
