<?xml version="1.0"?>
<annotation>
    <filename>000000000.jpg</filename>
    <source>
        <annotation>ESRI ArcGIS Pro</annotation>
    </source>
    <size>
        <width>256</width>
        <height>256</height>
        <depth>3</depth>
    </size>
    <object>
        <name>0</name>
        <bndbox>
            <xmin>68.06</xmin>
            <ymin>75.13</ymin>
            <xmax>187.94</xmax>
            <ymax>180.87</ymax>
        </bndbox>
    </object>
</annotation>
