<?xml version="1.0"?>
<annotation>
    <filename>000000046.jpg</filename>
    <source>
        <annotation>ESRI ArcGIS Pro</annotation>
    </source>
    <size>
        <width>256</width>
        <height>256</height>
        <depth>3</depth>
    </size>
    <object>
        <name>47</name>
        <bndbox>
            <xmin>64.58</xmin>
            <ymin>63.09</ymin>
            <xmax>191.42</xmax>
            <ymax>192.91</ymax>
        </bndbox>
    </object>
</annotation>
