<?xml version="1.0"?>
<annotation>
    <filename>000000020.jpg</filename>
    <source>
        <annotation>ESRI ArcGIS Pro</annotation>
    </source>
    <size>
        <width>256</width>
        <height>256</height>
        <depth>3</depth>
    </size>
    <object>
        <name>21</name>
        <bndbox>
            <xmin>61.19</xmin>
            <ymin>54.91</ymin>
            <xmax>194.81</xmax>
            <ymax>201.09</ymax>
        </bndbox>
    </object>
</annotation>
