<?xml version="1.0"?>
<annotation>
    <filename>000000054.jpg</filename>
    <source>
        <annotation>ESRI ArcGIS Pro</annotation>
    </source>
    <size>
        <width>256</width>
        <height>256</height>
        <depth>3</depth>
    </size>
    <object>
        <name>55</name>
        <bndbox>
            <xmin>65.03</xmin>
            <ymin>65.96</ymin>
            <xmax>190.97</xmax>
            <ymax>190.04</ymax>
        </bndbox>
    </object>
</annotation>
