<?xml version="1.0"?>
<annotation>
    <filename>000000021.jpg</filename>
    <source>
        <annotation>ESRI ArcGIS Pro</annotation>
    </source>
    <size>
        <width>256</width>
        <height>256</height>
        <depth>3</depth>
    </size>
    <object>
        <name>22</name>
        <bndbox>
            <xmin>65.57</xmin>
            <ymin>70.66</ymin>
            <xmax>190.43</xmax>
            <ymax>185.34</ymax>
        </bndbox>
    </object>
</annotation>
