<?xml version="1.0"?>
<annotation>
    <filename>000000023.jpg</filename>
    <source>
        <annotation>ESRI ArcGIS Pro</annotation>
    </source>
    <size>
        <width>256</width>
        <height>256</height>
        <depth>3</depth>
    </size>
    <object>
        <name>24</name>
        <bndbox>
            <xmin>68.72</xmin>
            <ymin>65.09</ymin>
            <xmax>187.28</xmax>
            <ymax>190.91</ymax>
        </bndbox>
    </object>
</annotation>
