<?xml version="1.0"?>
<annotation>
    <filename>000000050.jpg</filename>
    <source>
        <annotation>ESRI ArcGIS Pro</annotation>
    </source>
    <size>
        <width>256</width>
        <height>256</height>
        <depth>3</depth>
    </size>
    <object>
        <name>51</name>
        <bndbox>
            <xmin>67.60</xmin>
            <ymin>66.80</ymin>
            <xmax>188.40</xmax>
            <ymax>189.20</ymax>
        </bndbox>
    </object>
</annotation>
