<?xml version="1.0"?>
<annotation>
    <filename>000000001.jpg</filename>
    <source>
        <annotation>ESRI ArcGIS Pro</annotation>
    </source>
    <size>
        <width>256</width>
        <height>256</height>
        <depth>3</depth>
    </size>
    <object>
        <name>1</name>
        <bndbox>
            <xmin>43.22</xmin>
            <ymin>55.23</ymin>
            <xmax>212.78</xmax>
            <ymax>200.77</ymax>
        </bndbox>
    </object>
</annotation>
