<?xml version="1.0"?>
<annotation>
    <filename>000000008.jpg</filename>
    <source>
        <annotation>ESRI ArcGIS Pro</annotation>
    </source>
    <size>
        <width>256</width>
        <height>256</height>
        <depth>3</depth>
    </size>
    <object>
        <name>9</name>
        <bndbox>
            <xmin>62.65</xmin>
            <ymin>43.86</ymin>
            <xmax>193.35</xmax>
            <ymax>212.14</ymax>
        </bndbox>
    </object>
</annotation>
