<?xml version="1.0"?>
<annotation>
    <filename>000000031.jpg</filename>
    <source>
        <annotation>ESRI ArcGIS Pro</annotation>
    </source>
    <size>
        <width>256</width>
        <height>256</height>
        <depth>3</depth>
    </size>
    <object>
        <name>32</name>
        <bndbox>
            <xmin>62.45</xmin>
            <ymin>72.79</ymin>
            <xmax>193.55</xmax>
            <ymax>183.21</ymax>
        </bndbox>
    </object>
</annotation>
