<?xml version="1.0"?>
<annotation>
    <filename>000000010.jpg</filename>
    <source>
        <annotation>ESRI ArcGIS Pro</annotation>
    </source>
    <size>
        <width>256</width>
        <height>256</height>
        <depth>3</depth>
    </size>
    <object>
        <name>11</name>
        <bndbox>
            <xmin>114.59</xmin>
            <ymin>116.01</ymin>
            <xmax>141.41</xmax>
            <ymax>139.99</ymax>
        </bndbox>
    </object>
</annotation>
