<?xml version="1.0"?>
<annotation>
    <filename>000000005.jpg</filename>
    <source>
        <annotation>ESRI ArcGIS Pro</annotation>
    </source>
    <size>
        <width>256</width>
        <height>256</height>
        <depth>3</depth>
    </size>
    <object>
        <name>6</name>
        <bndbox>
            <xmin>78.79</xmin>
            <ymin>75.52</ymin>
            <xmax>177.21</xmax>
            <ymax>180.48</ymax>
        </bndbox>
    </object>
</annotation>
