<?xml version="1.0"?>
<annotation>
    <filename>000000028.jpg</filename>
    <source>
        <annotation>ESRI ArcGIS Pro</annotation>
    </source>
    <size>
        <width>256</width>
        <height>256</height>
        <depth>3</depth>
    </size>
    <object>
        <name>29</name>
        <bndbox>
            <xmin>76.14</xmin>
            <ymin>68.91</ymin>
            <xmax>179.86</xmax>
            <ymax>187.09</ymax>
        </bndbox>
    </object>
</annotation>
