<?xml version="1.0"?>
<annotation>
    <filename>000000017.jpg</filename>
    <source>
        <annotation>ESRI ArcGIS Pro</annotation>
    </source>
    <size>
        <width>256</width>
        <height>256</height>
        <depth>3</depth>
    </size>
    <object>
        <name>18</name>
        <bndbox>
            <xmin>108.96</xmin>
            <ymin>108.96</ymin>
            <xmax>147.04</xmax>
            <ymax>147.04</ymax>
        </bndbox>
    </object>
</annotation>
