<?xml version="1.0"?>
<annotation>
    <filename>000000018.jpg</filename>
    <source>
        <annotation>ESRI ArcGIS Pro</annotation>
    </source>
    <size>
        <width>256</width>
        <height>256</height>
        <depth>3</depth>
    </size>
    <object>
        <name>19</name>
        <bndbox>
            <xmin>62.91</xmin>
            <ymin>44.52</ymin>
            <xmax>193.09</xmax>
            <ymax>211.48</ymax>
        </bndbox>
    </object>
</annotation>
