<?xml version="1.0"?>
<annotation>
    <filename>000000014.jpg</filename>
    <source>
        <annotation>ESRI ArcGIS Pro</annotation>
    </source>
    <size>
        <width>256</width>
        <height>256</height>
        <depth>3</depth>
    </size>
    <object>
        <name>15</name>
        <bndbox>
            <xmin>41.81</xmin>
            <ymin>62.21</ymin>
            <xmax>214.19</xmax>
            <ymax>193.79</ymax>
        </bndbox>
    </object>
</annotation>
