<?xml version="1.0"?>
<annotation>
    <filename>000000015.jpg</filename>
    <source>
        <annotation>ESRI ArcGIS Pro</annotation>
    </source>
    <size>
        <width>256</width>
        <height>256</height>
        <depth>3</depth>
    </size>
    <object>
        <name>16</name>
        <bndbox>
            <xmin>57.15</xmin>
            <ymin>31.72</ymin>
            <xmax>198.85</xmax>
            <ymax>224.28</ymax>
        </bndbox>
    </object>
</annotation>
