<?xml version="1.0"?>
<annotation>
    <filename>000000058.jpg</filename>
    <source>
        <annotation>ESRI ArcGIS Pro</annotation>
    </source>
    <size>
        <width>256</width>
        <height>256</height>
        <depth>3</depth>
    </size>
    <object>
        <name>59</name>
        <bndbox>
            <xmin>65.85</xmin>
            <ymin>75.79</ymin>
            <xmax>190.15</xmax>
            <ymax>180.21</ymax>
        </bndbox>
    </object>
</annotation>
