<?xml version="1.0"?>
<annotation>
    <filename>000000022.jpg</filename>
    <source>
        <annotation>ESRI ArcGIS Pro</annotation>
    </source>
    <size>
        <width>256</width>
        <height>256</height>
        <depth>3</depth>
    </size>
    <object>
        <name>23</name>
        <bndbox>
            <xmin>63.24</xmin>
            <ymin>61.56</ymin>
            <xmax>192.76</xmax>
            <ymax>194.44</ymax>
        </bndbox>
    </object>
</annotation>
