<?xml version="1.0"?>
<annotation>
    <filename>000000042.jpg</filename>
    <source>
        <annotation>ESRI ArcGIS Pro</annotation>
    </source>
    <size>
        <width>256</width>
        <height>256</height>
        <depth>3</depth>
    </size>
    <object>
        <name>43</name>
        <bndbox>
            <xmin>63.53</xmin>
            <ymin>28.59</ymin>
            <xmax>192.47</xmax>
            <ymax>227.41</ymax>
        </bndbox>
    </object>
</annotation>
