<?xml version="1.0"?>
<annotation>
    <filename>000000026.jpg</filename>
    <source>
        <annotation>ESRI ArcGIS Pro</annotation>
    </source>
    <size>
        <width>256</width>
        <height>256</height>
        <depth>3</depth>
    </size>
    <object>
        <name>27</name>
        <bndbox>
            <xmin>60.46</xmin>
            <ymin>29.27</ymin>
            <xmax>195.54</xmax>
            <ymax>226.73</ymax>
        </bndbox>
    </object>
</annotation>
