<?xml version="1.0"?>
<annotation>
    <filename>000000053.jpg</filename>
    <source>
        <annotation>ESRI ArcGIS Pro</annotation>
    </source>
    <size>
        <width>256</width>
        <height>256</height>
        <depth>3</depth>
    </size>
    <object>
        <name>54</name>
        <bndbox>
            <xmin>101.65</xmin>
            <ymin>104.20</ymin>
            <xmax>154.35</xmax>
            <ymax>151.80</ymax>
        </bndbox>
    </object>
</annotation>
