<?xml version="1.0"?>
<annotation>
    <filename>000000013.jpg</filename>
    <source>
        <annotation>ESRI ArcGIS Pro</annotation>
    </source>
    <size>
        <width>256</width>
        <height>256</height>
        <depth>3</depth>
    </size>
    <object>
        <name>14</name>
        <bndbox>
            <xmin>40.04</xmin>
            <ymin>29.29</ymin>
            <xmax>215.96</xmax>
            <ymax>226.71</ymax>
        </bndbox>
    </object>
</annotation>
