<?xml version="1.0"?>
<annotation>
    <filename>000000049.jpg</filename>
    <source>
        <annotation>ESRI ArcGIS Pro</annotation>
    </source>
    <size>
        <width>256</width>
        <height>256</height>
        <depth>3</depth>
    </size>
    <object>
        <name>50</name>
        <bndbox>
            <xmin>112.42</xmin>
            <ymin>106.36</ymin>
            <xmax>143.58</xmax>
            <ymax>149.64</ymax>
        </bndbox>
    </object>
</annotation>
