<?xml version="1.0"?>
<annotation>
    <filename>000000055.jpg</filename>
    <source>
        <annotation>ESRI ArcGIS Pro</annotation>
    </source>
    <size>
        <width>256</width>
        <height>256</height>
        <depth>3</depth>
    </size>
    <object>
        <name>56</name>
        <bndbox>
            <xmin>56.96</xmin>
            <ymin>42.43</ymin>
            <xmax>199.04</xmax>
            <ymax>213.57</ymax>
        </bndbox>
    </object>
</annotation>
