<?xml version="1.0"?>
<annotation>
    <filename>000000004.jpg</filename>
    <source>
        <annotation>ESRI ArcGIS Pro</annotation>
    </source>
    <size>
        <width>256</width>
        <height>256</height>
        <depth>3</depth>
    </size>
    <object>
        <name>5</name>
        <bndbox>
            <xmin>60.56</xmin>
            <ymin>72.88</ymin>
            <xmax>195.44</xmax>
            <ymax>183.12</ymax>
        </bndbox>
    </object>
</annotation>
