<?xml version="1.0"?>
<annotation>
    <filename>000000041.jpg</filename>
    <source>
        <annotation>ESRI ArcGIS Pro</annotation>
    </source>
    <size>
        <width>256</width>
        <height>256</height>
        <depth>3</depth>
    </size>
    <object>
        <name>42</name>
        <bndbox>
            <xmin>56.59</xmin>
            <ymin>48.51</ymin>
            <xmax>199.41</xmax>
            <ymax>207.49</ymax>
        </bndbox>
    </object>
</annotation>
