<?xml version="1.0"?>
<annotation>
    <filename>000000035.jpg</filename>
    <source>
        <annotation>ESRI ArcGIS Pro</annotation>
    </source>
    <size>
        <width>256</width>
        <height>256</height>
        <depth>3</depth>
    </size>
    <object>
        <name>36</name>
        <bndbox>
            <xmin>112.97</xmin>
            <ymin>112.97</ymin>
            <xmax>143.03</xmax>
            <ymax>143.03</ymax>
        </bndbox>
    </object>
</annotation>
