<?xml version="1.0"?>
<annotation>
    <filename>000000029.jpg</filename>
    <source>
        <annotation>ESRI ArcGIS Pro</annotation>
    </source>
    <size>
        <width>256</width>
        <height>256</height>
        <depth>3</depth>
    </size>
    <object>
        <name>30</name>
        <bndbox>
            <xmin>103.55</xmin>
            <ymin>101.68</ymin>
            <xmax>152.45</xmax>
            <ymax>154.32</ymax>
        </bndbox>
    </object>
</annotation>
