<?xml version="1.0"?>
<annotation>
    <filename>000000037.jpg</filename>
    <source>
        <annotation>ESRI ArcGIS Pro</annotation>
    </source>
    <size>
        <width>256</width>
        <height>256</height>
        <depth>3</depth>
    </size>
    <object>
        <name>38</name>
        <bndbox>
            <xmin>68.69</xmin>
            <ymin>72.22</ymin>
            <xmax>187.31</xmax>
            <ymax>183.78</ymax>
        </bndbox>
    </object>
</annotation>
