<?xml version="1.0"?>
<annotation>
    <filename>000000047.jpg</filename>
    <source>
        <annotation>ESRI ArcGIS Pro</annotation>
    </source>
    <size>
        <width>256</width>
        <height>256</height>
        <depth>3</depth>
    </size>
    <object>
        <name>48</name>
        <bndbox>
            <xmin>51.83</xmin>
            <ymin>43.87</ymin>
            <xmax>204.17</xmax>
            <ymax>212.13</ymax>
        </bndbox>
    </object>
</annotation>
