<?xml version="1.0"?>
<annotation>
    <filename>000000051.jpg</filename>
    <source>
        <annotation>ESRI ArcGIS Pro</annotation>
    </source>
    <size>
        <width>256</width>
        <height>256</height>
        <depth>3</depth>
    </size>
    <object>
        <name>52</name>
        <bndbox>
            <xmin>54.81</xmin>
            <ymin>39.70</ymin>
            <xmax>201.19</xmax>
            <ymax>216.30</ymax>
        </bndbox>
    </object>
</annotation>
