<?xml version="1.0"?>
<annotation>
    <filename>000000003.jpg</filename>
    <source>
        <annotation>ESRI ArcGIS Pro</annotation>
    </source>
    <size>
        <width>256</width>
        <height>256</height>
        <depth>3</depth>
    </size>
    <object>
        <name>4</name>
        <bndbox>
            <xmin>63.76</xmin>
            <ymin>69.20</ymin>
            <xmax>192.24</xmax>
            <ymax>186.80</ymax>
        </bndbox>
    </object>
</annotation>
