<?xml version="1.0"?>
<annotation>
    <filename>000000007.jpg</filename>
    <source>
        <annotation>ESRI ArcGIS Pro</annotation>
    </source>
    <size>
        <width>256</width>
        <height>256</height>
        <depth>3</depth>
    </size>
    <object>
        <name>8</name>
        <bndbox>
            <xmin>63.12</xmin>
            <ymin>60.26</ymin>
            <xmax>192.88</xmax>
            <ymax>195.74</ymax>
        </bndbox>
    </object>
</annotation>
