<?xml version="1.0"?>
<annotation>
    <filename>000000048.jpg</filename>
    <source>
        <annotation>ESRI ArcGIS Pro</annotation>
    </source>
    <size>
        <width>256</width>
        <height>256</height>
        <depth>3</depth>
    </size>
    <object>
        <name>49</name>
        <bndbox>
            <xmin>63.15</xmin>
            <ymin>60.48</ymin>
            <xmax>192.85</xmax>
            <ymax>195.52</ymax>
        </bndbox>
    </object>
</annotation>
