<?xml version="1.0"?>
<annotation>
    <filename>000000057.jpg</filename>
    <source>
        <annotation>ESRI ArcGIS Pro</annotation>
    </source>
    <size>
        <width>256</width>
        <height>256</height>
        <depth>3</depth>
    </size>
    <object>
        <name>58</name>
        <bndbox>
            <xmin>61.33</xmin>
            <ymin>40.51</ymin>
            <xmax>194.67</xmax>
            <ymax>215.49</ymax>
        </bndbox>
    </object>
</annotation>
