<?xml version="1.0"?>
<annotation>
    <filename>000000036.jpg</filename>
    <source>
        <annotation>ESRI ArcGIS Pro</annotation>
    </source>
    <size>
        <width>256</width>
        <height>256</height>
        <depth>3</depth>
    </size>
    <object>
        <name>37</name>
        <bndbox>
            <xmin>68.10</xmin>
            <ymin>56.94</ymin>
            <xmax>187.90</xmax>
            <ymax>199.06</ymax>
        </bndbox>
    </object>
</annotation>
