<?xml version="1.0"?>
<annotation>
    <filename>000000034.jpg</filename>
    <source>
        <annotation>ESRI ArcGIS Pro</annotation>
    </source>
    <size>
        <width>256</width>
        <height>256</height>
        <depth>3</depth>
    </size>
    <object>
        <name>35</name>
        <bndbox>
            <xmin>107.71</xmin>
            <ymin>110.83</ymin>
            <xmax>148.29</xmax>
            <ymax>145.17</ymax>
        </bndbox>
    </object>
</annotation>
