<?xml version="1.0"?>
<annotation>
    <filename>000000045.jpg</filename>
    <source>
        <annotation>ESRI ArcGIS Pro</annotation>
    </source>
    <size>
        <width>256</width>
        <height>256</height>
        <depth>3</depth>
    </size>
    <object>
        <name>46</name>
        <bndbox>
            <xmin>60.43</xmin>
            <ymin>58.62</ymin>
            <xmax>195.57</xmax>
            <ymax>197.38</ymax>
        </bndbox>
    </object>
</annotation>
