<?xml version="1.0"?>
<annotation>
    <filename>000000038.jpg</filename>
    <source>
        <annotation>ESRI ArcGIS Pro</annotation>
    </source>
    <size>
        <width>256</width>
        <height>256</height>
        <depth>3</depth>
    </size>
    <object>
        <name>39</name>
        <bndbox>
            <xmin>65.56</xmin>
            <ymin>63.81</ymin>
            <xmax>190.44</xmax>
            <ymax>192.19</ymax>
        </bndbox>
    </object>
</annotation>
