<?xml version="1.0"?>
<annotation>
    <filename>000000043.jpg</filename>
    <source>
        <annotation>ESRI ArcGIS Pro</annotation>
    </source>
    <size>
        <width>256</width>
        <height>256</height>
        <depth>3</depth>
    </size>
    <object>
        <name>44</name>
        <bndbox>
            <xmin>66.21</xmin>
            <ymin>66.44</ymin>
            <xmax>189.79</xmax>
            <ymax>189.56</ymax>
        </bndbox>
    </object>
</annotation>
