<?xml version="1.0"?>
<annotation>
    <filename>000000002.jpg</filename>
    <source>
        <annotation>ESRI ArcGIS Pro</annotation>
    </source>
    <size>
        <width>256</width>
        <height>256</height>
        <depth>3</depth>
    </size>
    <object>
        <name>3</name>
        <bndbox>
            <xmin>93.13</xmin>
            <ymin>87.70</ymin>
            <xmax>162.87</xmax>
            <ymax>168.30</ymax>
        </bndbox>
    </object>
</annotation>
